referer,referer,url
https://en.wikipedia.org/wiki/NSA,404,https://en.wikipedia.org/wiki/Military_Intelligence_Unit
https://en.wikipedia.org/wiki/Bill_Chandler,404,https://en.wikipedia.org/wiki/Alfred_Sorenson_(basketball)
https://en.wikipedia.org/wiki/Bud_Adams,404,https://en.wikipedia.org/wiki/George_B._Keeler
https://en.wikipedia.org/wiki/Bud_Adams,404,https://en.wikipedia.org/wiki/T._C._Morrow
https://en.wikipedia.org/w/index.php?title=Nielsen_Audio&action=edit,404,https://en.wikipedia.org/wiki/Template:Editnotices/Page/Nielsen_Audio
https://en.m.wikipedia.org/wiki/School_for_Creative_and_Performing_Arts,404,https://en.m.wikipedia.org/wiki/Greater_Cincinnati_Arts_and_Education_Center
https://en.wikipedia.org/w/index.php?title=School_for_Creative_and_Performing_Arts&oldid=943835272,404,https://en.wikipedia.org/wiki/Bronson_v._Board_of_Educ._of_City_School_Dist.
https://en.wikipedia.org/wiki/Bronson_v._Board_of_Educ._of_City_School_Dist.,404,https://en.m.wikipedia.org/w/index.php?title=Bronson_v._Board_of_Educ._of_City_School_Dist.&mobileaction=toggle_view_mobile
https://en.wikipedia.org/wiki/2008_City_of_Bradford_Metropolitan_District_Council_election,404,https://en.wikipedia.org/wiki/1996_Calderdale_Metropolitan_Borough_Council_election
https://en.wikipedia.org/wiki/2008_City_of_Bradford_Metropolitan_District_Council_election,404,https://en.wikipedia.org/wiki/1994_Calderdale_Metropolitan_Borough_Council_election
https://en.wikipedia.org/wiki/2008_City_of_Bradford_Metropolitan_District_Council_election,404,https://en.wikipedia.org/wiki/1995_Calderdale_Metropolitan_Borough_Council_election
https://en.wikipedia.org/wiki/Santiago_Metropolitan_Region,404,https://en.wikipedia.org/wiki/Colorado_River_(Chile)
https://en.wikipedia.org/wiki/1998_Calderdale_Metropolitan_Borough_Council_election,404,https://en.wikipedia.org/wiki/1998_Bassetlaw_District_Council_election
https://th.m.wikipedia.org/w/index.php?title=%E0%B8%A7%E0%B8%B1%E0%B8%94%E0%B8%AB%E0%B9%89%E0%B8%A7%E0%B8%A2%E0%B8%AB%E0%B8%A1%E0%B8%B9&action=edit&redlink=1,404,https://th.wikipedia.org/wiki/%E0%B8%A7%E0%B8%B1%E0%B8%94%E0%B8%AB%E0%B9%89%E0%B8%A7%E0%B8%A2%E0%B8%AB%E0%B8%A1%E0%B8%B9
https://th.m.wikipedia.org/w/index.php?title=%E0%B8%A7%E0%B8%B1%E0%B8%94%E0%B8%9B%E0%B9%88%E0%B8%B2%E0%B8%AB%E0%B8%99%E0%B8%AD%E0%B8%87%E0%B9%82%E0%B8%81%E0%B9%80%E0%B8%88%E0%B8%A3%E0%B8%B4%E0%B8%8D%E0%B8%98%E0%B8%A3%E0%B8%A3%E0%B8%A1&action=edit&redlink=1,404,https://th.wikipedia.org/wiki/%E0%B8%A7%E0%B8%B1%E0%B8%94%E0%B8%9B%E0%B9%88%E0%B8%B2%E0%B8%AB%E0%B8%99%E0%B8%AD%E0%B8%87%E0%B9%82%E0%B8%81%E0%B9%80%E0%B8%88%E0%B8%A3%E0%B8%B4%E0%B8%8D%E0%B8%98%E0%B8%A3%E0%B8%A3%E0%B8%A1
https://th.m.wikipedia.org/w/index.php?title=%E0%B8%A7%E0%B8%B1%E0%B8%94%E0%B9%83%E0%B8%99%E0%B8%8A%E0%B8%B2%E0%B8%81&action=edit&redlink=1,404,https://th.wikipedia.org/wiki/%E0%B8%A7%E0%B8%B1%E0%B8%94%E0%B9%83%E0%B8%99%E0%B8%8A%E0%B8%B2%E0%B8%81
https://th.m.wikipedia.org/w/index.php?title=%E0%B8%9E%E0%B8%B4%E0%B9%80%E0%B8%A8%E0%B8%A9:%E0%B8%AA%E0%B8%A3%E0%B9%89%E0%B8%B2%E0%B8%87%E0%B8%9A%E0%B8%B1%E0%B8%8D%E0%B8%8A%E0%B8%B5%E0%B8%9C%E0%B8%B9%E0%B9%89%E0%B9%83%E0%B8%8A%E0%B9%89%E0%B9%83%E0%B8%AB%E0%B8%A1%E0%B9%88&returnto=%E0%B8%A3%E0%B8%B2%E0%B8%A2%E0%B8%8A%E0%B8%B7%E0%B9%88%E0%B8%AD%E0%B8%A7%E0%B8%B1%E0%B8%94%E0%B9%83%E0%B8%99%E0%B8%88%E0%B8%B1%E0%B8%87%E0%B8%AB%E0%B8%A7%E0%B8%B1%E0%B8%94%E0%B8%A3%E0%B8%B2%E0%B8%8A%E0%B8%9A%E0%B8%B8%E0%B8%A3%E0%B8%B5&returntoquery=printable%3Dyes,404,https://th.m.wikipedia.org/wiki/%E0%B8%A7%E0%B8%B4%E0%B8%81%E0%B8%B4%E0%B8%9E%E0%B8%B5%E0%B9%80%E0%B8%94%E0%B8%B5%E0%B8%A2:Request_an_account
https://th.wikipedia.org/w/index.php?title=%E0%B8%A7%E0%B8%B1%E0%B8%94%E0%B8%AB%E0%B9%89%E0%B8%A7%E0%B8%A2%E0%B8%AB%E0%B8%A1%E0%B8%B9&action=info,404,https://th.wikipedia.org/w/index.php?title=%E0%B8%9E%E0%B8%B4%E0%B9%80%E0%B8%A8%E0%B8%A9:%E0%B8%9A%E0%B8%97%E0%B8%84%E0%B8%A7%E0%B8%B2%E0%B8%A1%E0%B8%97%E0%B8%B5%E0%B9%88%E0%B9%82%E0%B8%A2%E0%B8%87%E0%B8%A1%E0%B8%B2/%E0%B8%A7%E0%B8%B1%E0%B8%94%E0%B8%AB%E0%B9%89%E0%B8%A7%E0%B8%A2%E0%B8%AB%E0%B8%A1%E0%B8%B9&hidelinks=1&hidetrans=1
https://th.m.wikipedia.org/w/index.php?title=%E0%B8%A7%E0%B8%B1%E0%B8%94%E0%B8%AB%E0%B8%B1%E0%B8%A7%E0%B8%AB%E0%B8%B4%E0%B8%99&action=edit&redlink=1&venoscript=1,404,https://th.m.wikipedia.org/wiki/%E0%B8%A7%E0%B8%B1%E0%B8%94%E0%B8%AB%E0%B8%B1%E0%B8%A7%E0%B8%AB%E0%B8%B4%E0%B8%99
https://th.wikipedia.org/wiki/%E0%B8%A7%E0%B8%B1%E0%B8%94%E0%B8%AB%E0%B9%89%E0%B8%A7%E0%B8%A2%E0%B8%AB%E0%B8%A1%E0%B8%B9,404,https://th.m.wikipedia.org/w/index.php?title=%E0%B8%A7%E0%B8%B1%E0%B8%94%E0%B8%AB%E0%B9%89%E0%B8%A7%E0%B8%A2%E0%B8%AB%E0%B8%A1%E0%B8%B9&mobileaction=toggle_view_mobile
https://th.m.wikipedia.org/wiki/%E0%B8%A7%E0%B8%B1%E0%B8%94%E0%B8%AB%E0%B8%B1%E0%B8%A7%E0%B8%AB%E0%B8%B4%E0%B8%99,404,https://th.wikipedia.org/w/index.php?title=%E0%B8%A7%E0%B8%B1%E0%B8%94%E0%B8%AB%E0%B8%B1%E0%B8%A7%E0%B8%AB%E0%B8%B4%E0%B8%99&mobileaction=toggle_view_desktop
https://zu.m.wikipedia.org/wiki/Template:Documentation,404,https://zu.m.wikipedia.org/wiki/Wikipedia:About
https://zu.m.wikipedia.org/wiki/Wikipedia:About,404,https://zu.wikipedia.org/w/index.php?title=Wikipedia:About&mobileaction=toggle_view_desktop
https://zu.wikipedia.org/w/index.php?title=Wikipedia:About&mobileaction=toggle_view_desktop,404,https://zu.m.wikipedia.org/w/index.php?title=Wikipedia:About&mobileaction=toggle_view_mobile
https://yi.wikipedia.org/w/index.php?title=%D7%94%D7%99%D7%9C%D7%A3:%D7%91%D7%90%D7%A0%D7%95%D7%A6%D7%A2%D7%A8%27%D7%A1_%D7%90%D7%9C%D7%A2_%D7%98%D7%99%D7%99%D7%9C%D7%95%D7%A0%D7%92%D7%A2%D7%9F&direction=prev&oldid=466317,404,https://ru.wikipedia.org/wiki/%D0%A1%D0%BF%D1%80%D0%B0%D0%B2%D0%BA%D0%B0:%D0%92%D0%BA%D0%BB%D0%B0%D0%B4_%D1%83%D1%87%D0%B0%D1%81%D1%82%D0%BD%D0%B8%D0%BA%D0%B0
https://ru.wikipedia.org/wiki/%D0%A1%D0%BF%D1%80%D0%B0%D0%B2%D0%BA%D0%B0:%D0%92%D0%BA%D0%BB%D0%B0%D0%B4_%D1%83%D1%87%D0%B0%D1%81%D1%82%D0%BD%D0%B8%D0%BA%D0%B0,404,https://ru.m.wikipedia.org/w/index.php?title=%D0%A1%D0%BF%D1%80%D0%B0%D0%B2%D0%BA%D0%B0:%D0%92%D0%BA%D0%BB%D0%B0%D0%B4_%D1%83%D1%87%D0%B0%D1%81%D1%82%D0%BD%D0%B8%D0%BA%D0%B0&mobileaction=toggle_view_mobile
https://ru.m.wikipedia.org/w/index.php?title=%D0%A1%D0%BF%D1%80%D0%B0%D0%B2%D0%BA%D0%B0:%D0%92%D0%BA%D0%BB%D0%B0%D0%B4_%D1%83%D1%87%D0%B0%D1%81%D1%82%D0%BD%D0%B8%D0%BA%D0%B0&mobileaction=toggle_view_mobile,404,https://ru.wikipedia.org/w/index.php?title=%D0%A1%D0%BF%D1%80%D0%B0%D0%B2%D0%BA%D0%B0:%D0%92%D0%BA%D0%BB%D0%B0%D0%B4_%D1%83%D1%87%D0%B0%D1%81%D1%82%D0%BD%D0%B8%D0%BA%D0%B0&mobileaction=toggle_view_desktop
https://ru.m.wikipedia.org/w/index.php?title=%D0%A1%D0%BF%D1%80%D0%B0%D0%B2%D0%BA%D0%B0:%D0%92%D0%BA%D0%BB%D0%B0%D0%B4_%D1%83%D1%87%D0%B0%D1%81%D1%82%D0%BD%D0%B8%D0%BA%D0%B0&mobileaction=toggle_view_mobile,404,https://ru.m.wikipedia.org/wiki/%D0%A1%D0%BB%D1%83%D0%B6%D0%B5%D0%B1%D0%BD%D0%B0%D1%8F:%D0%A1%D1%81%D1%8B%D0%BB%D0%BA%D0%B8_%D1%81%D1%8E%D0%B4%D0%B0/%D0%A1%D0%BF%D1%80%D0%B0%D0%B2%D0%BA%D0%B0:%D0%92%D0%BA%D0%BB%D0%B0%D0%B4_%D1%83%D1%87%D0%B0%D1%81%D1%82%D0%BD%D0%B8%D0%BA%D0%B0
https://kbp.m.wikipedia.org/wiki/Mod%C3%A8le:Documentation,404,https://kbp.m.wikipedia.org/wiki/%5C%22https:/foundation.wikimedia.org/wiki/Lab%C9%A9na%CA%8B
https://kbp.m.wikipedia.org/wiki/Mod%C3%A8le:Documentation,404,https://kbp.m.wikipedia.org/wiki/%5C%22https:/creativecommons.org/licenses/by-sa/3.0/deed.fr%5C%22
https://kbp.m.wikipedia.org/wiki/%5C%22https:/foundation.wikimedia.org/wiki/Lab%C9%A9na%CA%8B,404,https://kbp.wikipedia.org/w/index.php?title=%5C%22https:/foundation.wikimedia.org/wiki/Lab%C9%A9na%CA%8B&mobileaction=toggle_view_desktop
https://kbp.wikipedia.org/w/index.php?title=%5C%22https:/foundation.wikimedia.org/wiki/Lab%C9%A9na%CA%8B&mobileaction=toggle_view_desktop,404,https://kbp.m.wikipedia.org/w/index.php?title=%5C%22https:/foundation.wikimedia.org/wiki/Lab%C9%A9na%CA%8B&mobileaction=toggle_view_mobile
https://kbp.m.wikipedia.org/wiki/%5C%22https:/foundation.wikimedia.org/wiki/Lab%C9%A9na%CA%8B,404,https://kbp.wikipedia.org/wiki/%5C%22https:/foundation.wikimedia.org/wiki/Lab%C9%A9na%CA%8B
https://kbp.m.wikipedia.org/wiki/%5C%22https:/creativecommons.org/licenses/by-sa/3.0/deed.fr%5C%22,404,https://kbp.wikipedia.org/w/index.php?title=%5C%22https:/creativecommons.org/licenses/by-sa/3.0/deed.fr%5C%22&mobileaction=toggle_view_desktop
https://kbp.wikipedia.org/w/index.php?title=%5C%22https:/creativecommons.org/licenses/by-sa/3.0/deed.fr%5C%22&mobileaction=toggle_view_desktop,404,https://kbp.m.wikipedia.org/w/index.php?title=%5C%22https:/creativecommons.org/licenses/by-sa/3.0/deed.fr%5C%22&mobileaction=toggle_view_mobile
https://ilo.wikipedia.org/wiki/Plantilia:Siensia-pungol,404,https://ilo.wikipedia.org/wiki/Espesial:RecentChangesLinked/Plantilia:Siensia-pungol
"https://simple.m.wikipedia.org/w/index.php?title=OverDrive,_Inc.&action=edit&redlink=1",404,"https://simple.wikipedia.org/wiki/OverDrive,_Inc."
https://simple.m.wikipedia.org/w/index.php?title=User:VanishedUser_P.Q&redirect=no&action=edit&redlink=1,404,https://simple.wikipedia.org/wiki/User:VanishedUser_P.Q
https://en.wikipedia.org/wiki/Pattadakal,404,https://en.wikipedia.org/wiki/Nidumolu
https://en.wikipedia.org/wiki/Helios,404,"https://en.wikipedia.org/wiki/Camira,_Rhodes"
https://wuu.wikipedia.org/wiki/%E7%9B%96%E4%BA%9A,404,https://wuu.wikipedia.org/wiki/Wikipedia:%E5%85%8D%E8%B4%A3%E5%A3%B0%E6%98%8E
https://en.wikipedia.org/wiki/Wards_of_Zimbabwe,404,https://en.wikipedia.org/wiki/Kubiku
https://en.wikipedia.org/wiki/Wards_of_Zimbabwe,404,https://en.wikipedia.org/wiki/Ward_7_(chanetsa)
https://en.wikipedia.org/wiki/Wards_of_Zimbabwe,404,https://en.wikipedia.org/wiki/Pote_III
https://en.wikipedia.org/wiki/Wards_of_Zimbabwe,404,https://en.wikipedia.org/wiki/Mhezi
https://en.wikipedia.org/wiki/Wards_of_Zimbabwe,404,https://en.wikipedia.org/wiki/Ward_5_(chisape)
https://en.wikipedia.org/wiki/Wards_of_Zimbabwe,404,https://en.wikipedia.org/wiki/Mutungagore
https://en.wikipedia.org/wiki/Kubiku,404,https://en.m.wikipedia.org/w/index.php?title=Kubiku&mobileaction=toggle_view_mobile
https://en.wikipedia.org/wiki/Wards_of_Zimbabwe,404,https://en.wikipedia.org/wiki/Mukota_C
https://en.wikipedia.org/wiki/Wards_of_Zimbabwe,404,https://en.wikipedia.org/wiki/Mutombwa
https://en.wikipedia.org/wiki/Wards_of_Zimbabwe,404,https://en.wikipedia.org/wiki/Musami
https://en.wikipedia.org/wiki/Wards_of_Zimbabwe,404,https://en.wikipedia.org/wiki/Nyakuchena
https://en.wikipedia.org/wiki/Ward_5_(chisape),404,https://en.m.wikipedia.org/w/index.php?title=Ward_5_(chisape)&mobileaction=toggle_view_mobile
https://en.wikipedia.org/wiki/Mhezi,404,https://en.m.wikipedia.org/w/index.php?title=Mhezi&mobileaction=toggle_view_mobile
https://en.wikipedia.org/wiki/Mukota_C,404,https://en.m.wikipedia.org/w/index.php?title=Mukota_C&mobileaction=toggle_view_mobile
https://en.wikipedia.org/wiki/Wards_of_Zimbabwe,404,https://en.wikipedia.org/wiki/Nyamuganhu
https://en.m.wikipedia.org/w/index.php?title=Kubiku&mobileaction=toggle_view_mobile,404,https://en.wikipedia.org/w/index.php?title=Kubiku&mobileaction=toggle_view_desktop
https://en.wikipedia.org/wiki/Wards_of_Zimbabwe,404,https://en.wikipedia.org/wiki/Nyamhanza_B
https://en.wikipedia.org/wiki/Mutombwa,404,https://en.m.wikipedia.org/w/index.php?title=Mutombwa&mobileaction=toggle_view_mobile
https://en.m.wikipedia.org/w/index.php?title=Ward_5_(chisape)&mobileaction=toggle_view_mobile,404,https://en.wikipedia.org/w/index.php?title=Ward_5_(chisape)&mobileaction=toggle_view_desktop
https://en.wikipedia.org/wiki/Wards_of_Zimbabwe,404,https://en.wikipedia.org/wiki/Ward_6_(maumbe)
https://en.wikipedia.org/wiki/Wards_of_Zimbabwe,404,https://en.wikipedia.org/wiki/Kajakata
https://en.wikipedia.org/wiki/Ward_6_(maumbe),404,https://en.m.wikipedia.org/w/index.php?title=Ward_6_(maumbe)&mobileaction=toggle_view_mobile
https://en.wikipedia.org/w/index.php?title=Template:Radiohead&action=edit,404,https://en.wikipedia.org/wiki/Template:Editnotices/Group/Template:Radiohead
https://en.wikipedia.org/w/index.php?title=Template:Radiohead&action=edit,404,https://en.wikipedia.org/wiki/Template:Editnotices/Page/Template:Radiohead
https://en.wikipedia.org/wiki/Postal_code,404,https://en.wikipedia.org/wiki/Postal_codes_in_Northern_America
https://en.wikipedia.org/wiki/Postal_code,404,https://en.wikipedia.org/wiki/Postal_codes_in_South_America
https://en.wikipedia.org/wiki/Postal_codes_in_Northern_America,404,https://en.m.wikipedia.org/w/index.php?title=Postal_codes_in_Northern_America&mobileaction=toggle_view_mobile
https://en.wikipedia.org/wiki/Canada_Post,404,https://en.wikipedia.org/wiki/Post_of_Sint_Maarten
https://en.wikipedia.org/wiki/Canada_Post,404,https://en.wikipedia.org/wiki/Post_of_the_Turks_and_Caicos_Islands
https://en.wikipedia.org/wiki/Canada_Post,404,https://en.wikipedia.org/wiki/Post_of_Sint_Eustatius
https://en.wikipedia.org/wiki/Canada_Post,404,https://en.wikipedia.org/wiki/Post_of_South_Georgia_and_the_South_Sandwich_Islands
https://en.wikipedia.org/wiki/Canada_Post,404,https://en.wikipedia.org/wiki/Post_of_Puerto_Rico
https://en.wikipedia.org/wiki/Canada_Post,404,https://en.wikipedia.org/wiki/Post_of_Montserrat
https://en.wikipedia.org/wiki/Canada_Post,404,https://en.wikipedia.org/wiki/Post_of_Saba
https://en.wikipedia.org/wiki/Post_of_South_Georgia_and_the_South_Sandwich_Islands,404,https://en.m.wikipedia.org/w/index.php?title=Post_of_South_Georgia_and_the_South_Sandwich_Islands&mobileaction=toggle_view_mobile
https://en.wikipedia.org/wiki/Post_of_Sint_Maarten,404,https://en.m.wikipedia.org/w/index.php?title=Post_of_Sint_Maarten&mobileaction=toggle_view_mobile
https://en.m.wikipedia.org/w/index.php?title=Post_of_Sint_Maarten&mobileaction=toggle_view_mobile,404,https://en.wikipedia.org/w/index.php?title=Post_of_Sint_Maarten&mobileaction=toggle_view_desktop
https://en.wikipedia.org/wiki/Talk:Political_geography,404,https://en.wikipedia.org/wiki/Special:WhatLinksHere/Talk:Political_geography
https://en.wikipedia.org/wiki/Special:WhatLinksHere/Talk:Political_geography,404,https://en.m.wikipedia.org/wiki/Special:WhatLinksHere/Talk:Political_geography
https://en.wikipedia.org/wiki/Special:WhatLinksHere/Talk:Political_geography,404,https://en.wikipedia.org/wiki/$%27%222
https://en.wikipedia.org/wiki/$%27%222,404,https://en.m.wikipedia.org/w/index.php?title=$%27%222&mobileaction=toggle_view_mobile
https://ps.m.wikipedia.org/wiki/%DA%81%D8%A7%D9%86%DA%AF%DA%93%DB%8C:%D8%AF_%DA%A9%D8%AA%D8%A7%D8%A8_%D8%B3%D8%B1%DA%86%D9%8A%D9%86%DB%90/3931533379,404,https://ps.m.wikipedia.org/wiki/%D9%88%D9%8A%DA%A9%D9%8A%D9%BE%DB%90%DA%89%D9%8A%D8%A7:%D9%BC%D9%88%D9%84%DA%AF%DA%93%DB%8C_%D8%B1%D8%AF%D8%A7%D8%AF%D8%B9%D8%A7%D9%84%D9%8A%DA%A9
https://ps.m.wikipedia.org/wiki/%D9%88%D9%8A%DA%A9%D9%8A%D9%BE%DB%90%DA%89%D9%8A%D8%A7:%D9%BC%D9%88%D9%84%DA%AF%DA%93%DB%8C_%D8%B1%D8%AF%D8%A7%D8%AF%D8%B9%D8%A7%D9%84%D9%8A%DA%A9,404,https://ps.wikipedia.org/w/index.php?title=%D9%88%D9%8A%DA%A9%D9%8A%D9%BE%DB%90%DA%89%D9%8A%D8%A7:%D9%BC%D9%88%D9%84%DA%AF%DA%93%DB%8C_%D8%B1%D8%AF%D8%A7%D8%AF%D8%B9%D8%A7%D9%84%D9%8A%DA%A9&mobileaction=toggle_view_desktop
https://ps.m.wikipedia.org/w/index.php?title=%D9%88%D9%8A%DA%A9%D9%8A%D9%BE%DB%90%DA%89%D9%8A%D8%A7:Redirect&action=edit&redlink=1,404,https://ps.m.wikipedia.org/wiki/%D9%88%D9%8A%DA%A9%D9%8A%D9%BE%DB%90%DA%89%D9%8A%D8%A7:Redirect
https://ps.m.wikipedia.org/w/index.php?title=%D9%88%D9%8A%DA%A9%D9%8A%D9%BE%DB%90%DA%89%D9%8A%D8%A7:Redirect&action=edit&redlink=1,404,https://ps.wikipedia.org/wiki/%D9%88%D9%8A%DA%A9%D9%8A%D9%BE%DB%90%DA%89%D9%8A%D8%A7:Redirect
https://en.wikipedia.org/wiki/Corvallis_Gazette-Times,404,https://en.wikipedia.org/wiki/Journal_Gazette_(Illinois)
https://en.wikipedia.org/wiki/Journal_Gazette_(Illinois),404,https://en.m.wikipedia.org/w/index.php?title=Journal_Gazette_(Illinois)&mobileaction=toggle_view_mobile
https://ar.wikipedia.org/w/index.php?title=%D9%86%D8%A7%D9%88%D8%B1%D9%88&oldid=49800976,404,https://ar.wikipedia.org/wiki/%D9%86%D8%A7%D9%85%D9%84%D9%8A%D8%B4
https://kg.wikipedia.org/wiki/Algeria,404,https://kg.wikipedia.org/wiki/Special:RecentChangesLinked/Algeria
https://kg.wikipedia.org/w/index.php?title=Kenya&action=edit,404,https://kg.wikipedia.org/wiki/Special:RecentChangesLinked/Kenya
https://da.m.wikipedia.org/w/index.php?title=ISO_3166-2:KE&action=edit&redlink=1,404,https://da.wikipedia.org/wiki/ISO_3166-2:KE
https://en.m.wikipedia.org/wiki/Big_Brother_(UK),404,https://en.m.wikipedia.org/wiki/SuperCasino
https://en.m.wikipedia.org/wiki/SuperCasino,404,https://en.wikipedia.org/wiki/SuperCasino
https://en.m.wikipedia.org/wiki/SuperCasino,404,https://en.wikipedia.org/w/index.php?title=SuperCasino&mobileaction=toggle_view_desktop
https://en.wikipedia.org/wiki/SuperCasino,404,https://en.m.wikipedia.org/w/index.php?title=SuperCasino&mobileaction=toggle_view_mobile
https://zh-min-nan.m.wikipedia.org/w/index.php?title=Wikipedia:%E7%94%B3%E8%AB%8B%E5%B8%B3%E8%99%9F&action=edit&redlink=1,404,https://zh-min-nan.wikipedia.org/wiki/Wikipedia:%E7%94%B3%E8%AB%8B%E5%B8%B3%E8%99%9F
https://en.wikipedia.org/wiki/Bullet_time,404,https://en.wikipedia.org/wiki/Tim_Macmillan
https://en.m.wikipedia.org/w/index.php?title=Special:Search&search=9780240520933&fulltext=1&ns0=1,404,https://en.m.wikipedia.org/wiki/9780240520933
https://en.m.wikipedia.org/wiki/Moli%C3%A8re_Award,404,https://en.m.wikipedia.org/wiki/G%C3%A9rard_Desarthe
https://en.m.wikipedia.org/wiki/G%C3%A9rard_Desarthe,404,https://en.wikipedia.org/w/index.php?title=G%C3%A9rard_Desarthe&mobileaction=toggle_view_desktop
https://en.m.wikipedia.org/wiki/G%C3%A9rard_Desarthe,404,https://en.wikipedia.org/wiki/G%C3%A9rard_Desarthe
https://en.m.wikipedia.org/wiki/9780240520933,404,https://en.wikipedia.org/w/index.php?title=9780240520933&mobileaction=toggle_view_desktop
https://en.wikipedia.org/w/index.php?title=G%C3%A9rard_Desarthe&mobileaction=toggle_view_desktop,404,https://en.m.wikipedia.org/w/index.php?title=G%C3%A9rard_Desarthe&mobileaction=toggle_view_mobile
https://en.wikipedia.org/w/index.php?title=9780240520933&mobileaction=toggle_view_desktop,404,https://en.m.wikipedia.org/w/index.php?title=9780240520933&mobileaction=toggle_view_mobile
https://en.m.wikipedia.org/w/index.php?title=9780240520933&action=info&mobileaction=toggle_view_mobile,404,https://en.m.wikipedia.org/w/index.php?title=Special:WhatLinksHere/9780240520933&hidelinks=1&hidetrans=1
https://en.m.wikipedia.org/w/index.php?title=Special:WhatLinksHere/9780240520933&hidelinks=1&hidetrans=1,404,https://en.m.wikipedia.org/w/index.php?title=Special:WhatLinksHere/9780240520933&hidetrans=1&hidelinks=1&hideredirs=1
https://en.m.wikipedia.org/w/index.php?title=Special:WhatLinksHere/9780240520933&hidetrans=1&hidelinks=1&hideredirs=1,404,https://en.wikipedia.org/w/index.php?title=Special:WhatLinksHere/9780240520933&hidetrans=1&hidelinks=1&hideredirs=1
https://wo.wikipedia.org/wiki/Andoor,404,https://wo.wikipedia.org/wiki/Wikipedia:Aartu_yu_daj
https://wo.wikipedia.org/wiki/Andoor,404,https://wo.wikipedia.org/wiki/Wikipedia:Ciy_mbiram
https://zh-yue.wikipedia.org/wiki/%E8%A1%8C%E8%BB%8A%E6%96%B9%E5%90%91,404,https://zh-yue.wikipedia.org/wiki/Special:%E5%A4%96%E9%8F%88%E4%BF%AE%E6%94%B9/%E8%A1%8C%E8%BB%8A%E6%96%B9%E5%90%91
